{"accuracy": [0.24208395183086395, 0.5061901807785034, 0.6898241639137268, 0.7920425534248352, 0.8501242399215698, 0.8823177218437195, 0.9051914811134338, 0.9229565262794495, 0.933127760887146, 0.9410437941551208, 0.9490289092063904, 0.9542295932769775, 0.9589009284973145, 0.9617083668708801, 0.9643087387084961, 0.9663797616958618, 0.9675073623657227, 0.9676223993301392, 0.9697625041007996, 0.9691181778907776, 0.9707980751991272, 0.9735594391822815, 0.9736975431442261, 0.9754464030265808, 0.9752853512763977, 0.9756765365600586, 0.9771493077278137, 0.9764129519462585, 0.9772413372993469, 0.9780237674713135, 0.9775865077972412, 0.9779086709022522, 0.9774024486541748, 0.9779546856880188, 0.9790592789649963, 0.9789442420005798, 0.9780237674713135, 0.9782308340072632, 0.9783229231834412, 0.9773103594779968, 0.9792894124984741], "loss": [2.9839677810668945, 1.9488428831100464, 1.1424633264541626, 0.7365355491638184, 0.5125893354415894, 0.39148569107055664, 0.3126223087310791, 0.25744733214378357, 0.22147536277770996, 0.19746407866477966, 0.16953754425048828, 0.15184137225151062, 0.13655376434326172, 0.1287996470928192, 0.11915898323059082, 0.1124495416879654, 0.10781519114971161, 0.10532791167497635, 0.10083173960447311, 0.09873347729444504, 0.0943065956234932, 0.08868137747049332, 0.08647502213716507, 0.08238712698221207, 0.08299999684095383, 0.08068548887968063, 0.0761384442448616, 0.07818225771188736, 0.07401927560567856, 0.07265029102563858, 0.07289282232522964, 0.07349015772342682, 0.07197923958301544, 0.07236073166131973, 0.07023682445287704, 0.06908577680587769, 0.07302439212799072, 0.06983549147844315, 0.07027333229780197, 0.07334688305854797, 0.06863149255514145], "val_accuracy": [0.41662827134132385, 0.7125080823898315, 0.8469905257225037, 0.9104064702987671, 0.9285648465156555, 0.9637754559516907, 0.9612867832183838, 0.967462420463562, 0.9678311347961426, 0.9805511832237244, 0.965803325176239, 0.9681076407432556, 0.9780625104904175, 0.9863581657409668, 0.9851599335670471, 0.9868190884590149, 0.9889390468597412, 0.9900451898574829, 0.9865425229072571, 0.9893077611923218, 0.9889390468597412, 0.9888468980789185, 0.9886625409126282, 0.9872799515724182, 0.9917042851448059, 0.9914277791976929, 0.990598201751709, 0.9922573566436768, 0.9920729994773865, 0.992441713809967, 0.9925338625907898, 0.9929025769233704, 0.992441713809967, 0.9929025769233704, 0.9925338625907898, 0.9929947257041931, 0.9928103685379028, 0.9928103685379028, 0.9929947257041931, 0.9925338625907898, 0.9929025769233704], "val_loss": [2.3569834232330322, 1.1105707883834839, 0.547510027885437, 0.31022757291793823, 0.23112204670906067, 0.11950390040874481, 0.11987641453742981, 0.10062077641487122, 0.09547393023967743, 0.05906198173761368, 0.10807374864816666, 0.10098788142204285, 0.06484522670507431, 0.03756577894091606, 0.045709721744060516, 0.039093777537345886, 0.03416545316576958, 0.031761784106492996, 0.04222875460982323, 0.03277816250920296, 0.03162870183587074, 0.03377798572182655, 0.034146472811698914, 0.03732456639409065, 0.026066511869430542, 0.026147305965423584, 0.02873946912586689, 0.023842116817831993, 0.023129044100642204, 0.02312738075852394, 0.022784706205129623, 0.02231762744486332, 0.023227263242006302, 0.022573335096240044, 0.023508237674832344, 0.02203410118818283, 0.022177226841449738, 0.022835098206996918, 0.02208550088107586, 0.02235730178654194, 0.02203569933772087], "learning_rate": [9.999999747378752e-06, 9.999999747378752e-06, 9.999999747378752e-06, 9.999999747378752e-06, 9.999999747378752e-06, 9.999999747378752e-06, 9.999999747378752e-06, 9.999999747378752e-06, 9.999999747378752e-06, 9.999999747378752e-06, 9.999999747378752e-06, 9.999999747378752e-06, 9.999999747378752e-06, 4.999999873689376e-06, 4.999999873689376e-06, 4.999999873689376e-06, 4.999999873689376e-06, 4.999999873689376e-06, 4.999999873689376e-06, 4.999999873689376e-06, 4.999999873689376e-06, 4.999999873689376e-06, 4.999999873689376e-06, 4.999999873689376e-06, 2.499999936844688e-06, 2.499999936844688e-06, 2.499999936844688e-06, 2.499999936844688e-06, 2.499999936844688e-06, 2.499999936844688e-06, 9.999999974752427e-07, 9.999999974752427e-07, 9.999999974752427e-07, 9.999999974752427e-07, 9.999999974752427e-07, 4.999999987376214e-07, 4.999999987376214e-07, 4.999999987376214e-07, 4.999999987376214e-07, 2.499999993688107e-07, 2.499999993688107e-07], "phase1_epochs": 30}