{
  "model": "EfficientNetB0",
  "accuracy": 0.9929947257041931,
  "precision": 0.9931082978137536,
  "recall": 0.9929947460595446,
  "f1": 0.9929988499656199,
  "val_loss": 0.02203410118818283
}