{
  "model": "ResNet50",
  "accuracy": 0.9976034760475159,
  "precision": 0.9976222623184544,
  "recall": 0.9976034657572126,
  "f1": 0.9976034535465771,
  "val_loss": 0.009664520621299744
}