{"accuracy": [0.5182943940162659, 0.8528626561164856, 0.9271677136421204, 0.9522045254707336, 0.9645848870277405, 0.9740427136421204, 0.9766430258750916, 0.9807621240615845, 0.9831783771514893, 0.9849963188171387, 0.9873895645141602, 0.9883100390434265, 0.988747239112854, 0.9902660250663757, 0.9907953143119812, 0.9909563660621643, 0.9917157292366028, 0.9932575225830078, 0.9942240715026855, 0.9947302937507629, 0.9941549897193909, 0.9952365756034851, 0.9957197904586792, 0.9960879683494568, 0.996272087097168, 0.9962490797042847, 0.9966632723808289, 0.9967323541641235, 0.9967553615570068, 0.9971235394477844, 0.9970315098762512, 0.996594250202179, 0.9969394207000732, 0.9974457025527954, 0.9970084428787231, 0.9967553615570068, 0.9974687099456787, 0.9973996877670288], "loss": [1.8993959426879883, 0.5277863144874573, 0.26088258624076843, 0.1729801446199417, 0.12316673994064331, 0.09749242663383484, 0.08334995061159134, 0.06988134235143661, 0.0602840892970562, 0.05308424308896065, 0.04677489399909973, 0.044545143842697144, 0.04012056067585945, 0.035384975373744965, 0.032570380717515945, 0.03220111504197121, 0.028940754011273384, 0.023615265265107155, 0.01982288621366024, 0.018549257889389992, 0.019198071211576462, 0.01739182509481907, 0.014869773760437965, 0.014997642487287521, 0.013229112140834332, 0.012021258473396301, 0.0127327935770154, 0.01101725548505783, 0.010547233745455742, 0.010485770180821419, 0.010586332529783249, 0.011364269070327282, 0.011133766733109951, 0.009167474694550037, 0.010079766623675823, 0.010724539868533611, 0.009252450428903103, 0.009380807168781757], "val_accuracy": [0.8774080276489258, 0.9586136937141418, 0.976864218711853, 0.9821181893348694, 0.9870955944061279, 0.9877408146858215, 0.9912434220314026, 0.9925338625907898, 0.9916121363639832, 0.9934555888175964, 0.9914277791976929, 0.9950225949287415, 0.9941930174827576, 0.9954834580421448, 0.9890312552452087, 0.9947460889816284, 0.995391309261322, 0.9959443211555481, 0.9958521723747253, 0.9956678152084351, 0.9957599639892578, 0.9963130354881287, 0.995391309261322, 0.9968660473823547, 0.996497392654419, 0.9966817498207092, 0.9965895414352417, 0.9969582557678223, 0.996773898601532, 0.996773898601532, 0.996773898601532, 0.9969582557678223, 0.9976034760475159, 0.9972347617149353, 0.996773898601532, 0.9968660473823547, 0.9969582557678223, 0.996773898601532], "val_loss": [0.43607962131500244, 0.131244495511055, 0.07712513208389282, 0.05936398729681969, 0.04631770774722099, 0.04706417769193649, 0.035510383546352386, 0.03104095160961151, 0.03357713669538498, 0.025579890236258507, 0.028987590223550797, 0.02024444006383419, 0.02021958865225315, 0.015694698318839073, 0.05185249447822571, 0.015968678519129753, 0.01773224212229252, 0.01358058676123619, 0.015464157797396183, 0.017033956944942474, 0.01763194240629673, 0.014277330599725246, 0.017955094575881958, 0.011603552848100662, 0.01564379595220089, 0.014264115132391453, 0.012356976047158241, 0.011290488764643669, 0.012188605032861233, 0.012334909290075302, 0.011073457077145576, 0.011428560130298138, 0.009664520621299744, 0.009263292886316776, 0.012258006259799004, 0.011719356290996075, 0.010582836344838142, 0.011730268597602844], "learning_rate": [9.999999747378752e-06, 9.999999747378752e-06, 9.999999747378752e-06, 9.999999747378752e-06, 9.999999747378752e-06, 9.999999747378752e-06, 9.999999747378752e-06, 9.999999747378752e-06, 9.999999747378752e-06, 9.999999747378752e-06, 9.999999747378752e-06, 9.999999747378752e-06, 9.999999747378752e-06, 9.999999747378752e-06, 9.999999747378752e-06, 9.999999747378752e-06, 9.999999747378752e-06, 4.999999873689376e-06, 4.999999873689376e-06, 4.999999873689376e-06, 4.999999873689376e-06, 2.499999936844688e-06, 2.499999936844688e-06, 2.499999936844688e-06, 2.499999936844688e-06, 2.499999936844688e-06, 2.499999936844688e-06, 1.249999968422344e-06, 1.249999968422344e-06, 1.249999968422344e-06, 9.999999974752427e-07, 9.999999974752427e-07, 9.999999974752427e-07, 9.999999974752427e-07, 9.999999974752427e-07, 9.999999974752427e-07, 9.999999974752427e-07, 4.999999987376214e-07], "phase1_epochs": 30}