{
  "model": "VGG16",
  "accuracy": 0.9845147132873535,
  "precision": 0.9846266025698827,
  "recall": 0.9845147018158356,
  "f1": 0.9845192840408892,
  "val_loss": 0.049988698214292526
}